gsm,cell_type,adipocytes,astrocytes,blood_cells,endothelial_cells,epidermal_cells,epithelial_cells,fibroblasts,glia,hepatocytes,ips_cells,msc,muscle_cells,neurons,muscle_sc,group_data,description
GSM2759107,endothelial_cells,0,0,0,1,0,0,0,0,0,0,0,0,0,0,train,ENDOTHELIAL.CELLS
GSM2759108,endothelial_cells,0,0,0,1,0,0,0,0,0,0,0,0,0,0,train,ENDOTHELIAL.CELLS
GSM2759109,endothelial_cells,0,0,0,1,0,0,0,0,0,0,0,0,0,0,train,ENDOTHELIAL.CELLS
GSM2759110,endothelial_cells,0,0,0,1,0,0,0,0,0,0,0,0,0,0,train,ENDOTHELIAL.CELLS
GSM2759111,endothelial_cells,0,0,0,1,0,0,0,0,0,0,0,0,0,0,train,ENDOTHELIAL.CELLS
GSM2759112,endothelial_cells,0,0,0,1,0,0,0,0,0,0,0,0,0,0,train,ENDOTHELIAL.CELLS
GSM2759113,endothelial_cells,0,0,0,1,0,0,0,0,0,0,0,0,0,0,train,ENDOTHELIAL.CELLS
GSM2759114,endothelial_cells,0,0,0,1,0,0,0,0,0,0,0,0,0,0,train,ENDOTHELIAL.CELLS
GSM2759115,endothelial_cells,0,0,0,1,0,0,0,0,0,0,0,0,0,0,train,ENDOTHELIAL.CELLS
GSM2759116,endothelial_cells,0,0,0,1,0,0,0,0,0,0,0,0,0,0,train,ENDOTHELIAL.CELLS
GSM849974,endothelial_cells,0,0,0,1,0,0,0,0,0,0,0,0,0,0,train,ENDOTHELIAL.CELLS
GSM849976,endothelial_cells,0,0,0,1,0,0,0,0,0,0,0,0,0,0,train,ENDOTHELIAL.CELLS
GSM849978,endothelial_cells,0,0,0,1,0,0,0,0,0,0,0,0,0,0,train,ENDOTHELIAL.CELLS
GSM849980,endothelial_cells,0,0,0,1,0,0,0,0,0,0,0,0,0,0,train,ENDOTHELIAL.CELLS
GSM849981,endothelial_cells,0,0,0,1,0,0,0,0,0,0,0,0,0,0,train,ENDOTHELIAL.CELLS
GSM849982,endothelial_cells,0,0,0,1,0,0,0,0,0,0,0,0,0,0,train,ENDOTHELIAL.CELLS
GSM849983,endothelial_cells,0,0,0,1,0,0,0,0,0,0,0,0,0,0,train,ENDOTHELIAL.CELLS
GSM849985,endothelial_cells,0,0,0,1,0,0,0,0,0,0,0,0,0,0,train,ENDOTHELIAL.CELLS
GSM849986,endothelial_cells,0,0,0,1,0,0,0,0,0,0,0,0,0,0,train,ENDOTHELIAL.CELLS
GSM849987,endothelial_cells,0,0,0,1,0,0,0,0,0,0,0,0,0,0,train,ENDOTHELIAL.CELLS
GSM1027664,msc,0,0,0,0,0,0,0,0,0,0,1,0,0,0,train,MESENCHYMAL.STEM.CELLS
GSM1027665,msc,0,0,0,0,0,0,0,0,0,0,1,0,0,0,train,MESENCHYMAL.STEM.CELLS
GSM1027666,msc,0,0,0,0,0,0,0,0,0,0,1,0,0,0,train,MESENCHYMAL.STEM.CELLS
GSM1027667,msc,0,0,0,0,0,0,0,0,0,0,1,0,0,0,train,MESENCHYMAL.STEM.CELLS
GSM1027668,msc,0,0,0,0,0,0,0,0,0,0,1,0,0,0,train,MESENCHYMAL.STEM.CELLS
GSM1027669,msc,0,0,0,0,0,0,0,0,0,0,1,0,0,0,train,MESENCHYMAL.STEM.CELLS
GSM1027670,msc,0,0,0,0,0,0,0,0,0,0,1,0,0,0,train,MESENCHYMAL.STEM.CELLS
GSM1027671,msc,0,0,0,0,0,0,0,0,0,0,1,0,0,0,train,MESENCHYMAL.STEM.CELLS
GSM1027672,msc,0,0,0,0,0,0,0,0,0,0,1,0,0,0,train,MESENCHYMAL.STEM.CELLS
GSM1027673,fibroblasts,0,0,0,0,0,0,1,0,0,0,0,0,0,0,train,FIBROBLASTS
GSM1027674,fibroblasts,0,0,0,0,0,0,1,0,0,0,0,0,0,0,train,FIBROBLASTS
GSM1027675,fibroblasts,0,0,0,0,0,0,1,0,0,0,0,0,0,0,train,FIBROBLASTS
GSM1259848,msc,0,0,0,0,0,0,0,0,0,0,1,0,0,0,train,MESENCHYMAL.STEM.CELLS
GSM1259849,msc,0,0,0,0,0,0,0,0,0,0,1,0,0,0,train,MESENCHYMAL.STEM.CELLS
GSM1259850,msc,0,0,0,0,0,0,0,0,0,0,1,0,0,0,train,MESENCHYMAL.STEM.CELLS
GSM1259851,msc,0,0,0,0,0,0,0,0,0,0,1,0,0,0,train,MESENCHYMAL.STEM.CELLS
GSM1259852,msc,0,0,0,0,0,0,0,0,0,0,1,0,0,0,train,MESENCHYMAL.STEM.CELLS
GSM1259853,msc,0,0,0,0,0,0,0,0,0,0,1,0,0,0,train,MESENCHYMAL.STEM.CELLS
GSM1259854,msc,0,0,0,0,0,0,0,0,0,0,1,0,0,0,train,MESENCHYMAL.STEM.CELLS
GSM1259855,msc,0,0,0,0,0,0,0,0,0,0,1,0,0,0,train,MESENCHYMAL.STEM.CELLS
GSM1259856,msc,0,0,0,0,0,0,0,0,0,0,1,0,0,0,train,MESENCHYMAL.STEM.CELLS
GSM1259857,msc,0,0,0,0,0,0,0,0,0,0,1,0,0,0,train,MESENCHYMAL.STEM.CELLS
GSM1259858,msc,0,0,0,0,0,0,0,0,0,0,1,0,0,0,train,MESENCHYMAL.STEM.CELLS
GSM1259859,msc,0,0,0,0,0,0,0,0,0,0,1,0,0,0,train,MESENCHYMAL.STEM.CELLS
GSM1259860,msc,0,0,0,0,0,0,0,0,0,0,1,0,0,0,train,MESENCHYMAL.STEM.CELLS
GSM1259861,msc,0,0,0,0,0,0,0,0,0,0,1,0,0,0,train,MESENCHYMAL.STEM.CELLS
GSM1259862,msc,0,0,0,0,0,0,0,0,0,0,1,0,0,0,train,MESENCHYMAL.STEM.CELLS
GSM1259863,msc,0,0,0,0,0,0,0,0,0,0,1,0,0,0,train,MESENCHYMAL.STEM.CELLS
GSM1259864,msc,0,0,0,0,0,0,0,0,0,0,1,0,0,0,train,MESENCHYMAL.STEM.CELLS
GSM1259865,msc,0,0,0,0,0,0,0,0,0,0,1,0,0,0,train,MESENCHYMAL.STEM.CELLS
GSM1259866,msc,0,0,0,0,0,0,0,0,0,0,1,0,0,0,train,MESENCHYMAL.STEM.CELLS
GSM1259867,msc,0,0,0,0,0,0,0,0,0,0,1,0,0,0,train,MESENCHYMAL.STEM.CELLS
GSM1512025,msc,0,0,0,0,0,0,0,0,0,0,1,0,0,0,train,MESENCHYMAL.STEM.CELLS
GSM1512026,msc,0,0,0,0,0,0,0,0,0,0,1,0,0,0,train,MESENCHYMAL.STEM.CELLS
GSM1512027,msc,0,0,0,0,0,0,0,0,0,0,1,0,0,0,train,MESENCHYMAL.STEM.CELLS
GSM1512028,msc,0,0,0,0,0,0,0,0,0,0,1,0,0,0,train,MESENCHYMAL.STEM.CELLS
GSM1512029,msc,0,0,0,0,0,0,0,0,0,0,1,0,0,0,train,MESENCHYMAL.STEM.CELLS
GSM1512030,msc,0,0,0,0,0,0,0,0,0,0,1,0,0,0,train,MESENCHYMAL.STEM.CELLS
GSM1512031,msc,0,0,0,0,0,0,0,0,0,0,1,0,0,0,train,MESENCHYMAL.STEM.CELLS
GSM1512032,msc,0,0,0,0,0,0,0,0,0,0,1,0,0,0,train,MESENCHYMAL.STEM.CELLS
GSM1512033,msc,0,0,0,0,0,0,0,0,0,0,1,0,0,0,train,MESENCHYMAL.STEM.CELLS
GSM1512034,msc,0,0,0,0,0,0,0,0,0,0,1,0,0,0,train,MESENCHYMAL.STEM.CELLS
GSM1512035,msc,0,0,0,0,0,0,0,0,0,0,1,0,0,0,train,MESENCHYMAL.STEM.CELLS
GSM1512036,msc,0,0,0,0,0,0,0,0,0,0,1,0,0,0,train,MESENCHYMAL.STEM.CELLS
GSM1512037,msc,0,0,0,0,0,0,0,0,0,0,1,0,0,0,train,MESENCHYMAL.STEM.CELLS
GSM1512038,msc,0,0,0,0,0,0,0,0,0,0,1,0,0,0,train,MESENCHYMAL.STEM.CELLS
GSM1415520,adipocytes,1,0,0,0,0,0,0,0,0,0,0,0,0,0,train,ADIPOCYTES
GSM1415522,adipocytes,1,0,0,0,0,0,0,0,0,0,0,0,0,0,train,ADIPOCYTES
GSM1415518,adipocytes,1,0,0,0,0,0,0,0,0,0,0,0,0,0,train,ADIPOCYTES
GSM1415516,adipocytes,1,0,0,0,0,0,0,0,0,0,0,0,0,0,train,ADIPOCYTES
GSM1415532,adipocytes,1,0,0,0,0,0,0,0,0,0,0,0,0,0,train,ADIPOCYTES
GSM1415528,adipocytes,1,0,0,0,0,0,0,0,0,0,0,0,0,0,train,ADIPOCYTES
GSM1415526,adipocytes,1,0,0,0,0,0,0,0,0,0,0,0,0,0,train,ADIPOCYTES
GSM1415530,adipocytes,1,0,0,0,0,0,0,0,0,0,0,0,0,0,train,ADIPOCYTES
GSM1415539,adipocytes,1,0,0,0,0,0,0,0,0,0,0,0,0,0,train,ADIPOCYTES
GSM1415541,adipocytes,1,0,0,0,0,0,0,0,0,0,0,0,0,0,train,ADIPOCYTES
GSM1427147,ips_cells,0,0,0,0,0,0,0,0,0,1,0,0,0,0,train,INDUCED.PLURIPOTENT.STEM.CELLS
GSM1427199,ips_cells,0,0,0,0,0,0,0,0,0,1,0,0,0,0,train,INDUCED.PLURIPOTENT.STEM.CELLS
GSM1427209,ips_cells,0,0,0,0,0,0,0,0,0,1,0,0,0,0,train,INDUCED.PLURIPOTENT.STEM.CELLS
GSM1427227,ips_cells,0,0,0,0,0,0,0,0,0,1,0,0,0,0,train,INDUCED.PLURIPOTENT.STEM.CELLS
GSM1427245,ips_cells,0,0,0,0,0,0,0,0,0,1,0,0,0,0,train,INDUCED.PLURIPOTENT.STEM.CELLS
GSM1427289,ips_cells,0,0,0,0,0,0,0,0,0,1,0,0,0,0,train,INDUCED.PLURIPOTENT.STEM.CELLS
GSM1427301,fibroblasts,0,0,0,0,0,0,1,0,0,0,0,0,0,0,train,FIBROBLASTS
GSM1427312,fibroblasts,0,0,0,0,0,0,1,0,0,0,0,0,0,0,train,FIBROBLASTS
GSM1427317,fibroblasts,0,0,0,0,0,0,1,0,0,0,0,0,0,0,train,FIBROBLASTS
GSM1427322,fibroblasts,0,0,0,0,0,0,1,0,0,0,0,0,0,0,train,FIBROBLASTS
GSM1427324,fibroblasts,0,0,0,0,0,0,1,0,0,0,0,0,0,0,train,FIBROBLASTS
GSM1427329,fibroblasts,0,0,0,0,0,0,1,0,0,0,0,0,0,0,train,FIBROBLASTS
GSM1431412,blood_cells,0,0,1,0,0,0,0,0,0,0,0,0,0,0,train,BLOOD.CELLS
GSM1431419,blood_cells,0,0,1,0,0,0,0,0,0,0,0,0,0,0,train,BLOOD.CELLS
GSM1431420,blood_cells,0,0,1,0,0,0,0,0,0,0,0,0,0,0,train,BLOOD.CELLS
GSM1431421,blood_cells,0,0,1,0,0,0,0,0,0,0,0,0,0,0,train,BLOOD.CELLS
GSM1431422,blood_cells,0,0,1,0,0,0,0,0,0,0,0,0,0,0,train,BLOOD.CELLS
GSM1431430,blood_cells,0,0,1,0,0,0,0,0,0,0,0,0,0,0,train,BLOOD.CELLS
GSM1431431,blood_cells,0,0,1,0,0,0,0,0,0,0,0,0,0,0,train,BLOOD.CELLS
GSM1431432,blood_cells,0,0,1,0,0,0,0,0,0,0,0,0,0,0,train,BLOOD.CELLS
GSM1431433,blood_cells,0,0,1,0,0,0,0,0,0,0,0,0,0,0,train,BLOOD.CELLS
GSM1431457,blood_cells,0,0,1,0,0,0,0,0,0,0,0,0,0,0,train,BLOOD.CELLS
GSM1431520,blood_cells,0,0,1,0,0,0,0,0,0,0,0,0,0,0,train,BLOOD.CELLS
GSM1431521,blood_cells,0,0,1,0,0,0,0,0,0,0,0,0,0,0,train,BLOOD.CELLS
GSM1431522,blood_cells,0,0,1,0,0,0,0,0,0,0,0,0,0,0,train,BLOOD.CELLS
GSM1431523,blood_cells,0,0,1,0,0,0,0,0,0,0,0,0,0,0,train,BLOOD.CELLS
GSM1431531,blood_cells,0,0,1,0,0,0,0,0,0,0,0,0,0,0,train,BLOOD.CELLS
GSM1431532,blood_cells,0,0,1,0,0,0,0,0,0,0,0,0,0,0,train,BLOOD.CELLS
GSM1431533,blood_cells,0,0,1,0,0,0,0,0,0,0,0,0,0,0,train,BLOOD.CELLS
GSM1431534,blood_cells,0,0,1,0,0,0,0,0,0,0,0,0,0,0,train,BLOOD.CELLS
GSM1431559,blood_cells,0,0,1,0,0,0,0,0,0,0,0,0,0,0,train,BLOOD.CELLS
GSM1431567,blood_cells,0,0,1,0,0,0,0,0,0,0,0,0,0,0,train,BLOOD.CELLS
GSM1431627,blood_cells,0,0,1,0,0,0,0,0,0,0,0,0,0,0,train,BLOOD.CELLS
GSM1431628,blood_cells,0,0,1,0,0,0,0,0,0,0,0,0,0,0,train,BLOOD.CELLS
GSM1431629,blood_cells,0,0,1,0,0,0,0,0,0,0,0,0,0,0,train,BLOOD.CELLS
GSM1431630,blood_cells,0,0,1,0,0,0,0,0,0,0,0,0,0,0,train,BLOOD.CELLS
GSM1431632,blood_cells,0,0,1,0,0,0,0,0,0,0,0,0,0,0,train,BLOOD.CELLS
GSM1431637,blood_cells,0,0,1,0,0,0,0,0,0,0,0,0,0,0,train,BLOOD.CELLS
GSM1431638,blood_cells,0,0,1,0,0,0,0,0,0,0,0,0,0,0,train,BLOOD.CELLS
GSM1431639,blood_cells,0,0,1,0,0,0,0,0,0,0,0,0,0,0,train,BLOOD.CELLS
GSM1431640,blood_cells,0,0,1,0,0,0,0,0,0,0,0,0,0,0,train,BLOOD.CELLS
GSM1431662,blood_cells,0,0,1,0,0,0,0,0,0,0,0,0,0,0,train,BLOOD.CELLS
GSM1431723,blood_cells,0,0,1,0,0,0,0,0,0,0,0,0,0,0,train,BLOOD.CELLS
GSM1431725,blood_cells,0,0,1,0,0,0,0,0,0,0,0,0,0,0,train,BLOOD.CELLS
GSM1431727,blood_cells,0,0,1,0,0,0,0,0,0,0,0,0,0,0,train,BLOOD.CELLS
GSM1431731,blood_cells,0,0,1,0,0,0,0,0,0,0,0,0,0,0,train,BLOOD.CELLS
GSM1431733,blood_cells,0,0,1,0,0,0,0,0,0,0,0,0,0,0,train,BLOOD.CELLS
GSM1431734,blood_cells,0,0,1,0,0,0,0,0,0,0,0,0,0,0,train,BLOOD.CELLS
GSM1431736,blood_cells,0,0,1,0,0,0,0,0,0,0,0,0,0,0,train,BLOOD.CELLS
GSM1431738,blood_cells,0,0,1,0,0,0,0,0,0,0,0,0,0,0,train,BLOOD.CELLS
GSM1431740,blood_cells,0,0,1,0,0,0,0,0,0,0,0,0,0,0,train,BLOOD.CELLS
GSM1431742,blood_cells,0,0,1,0,0,0,0,0,0,0,0,0,0,0,train,BLOOD.CELLS
GSM1431763,blood_cells,0,0,1,0,0,0,0,0,0,0,0,0,0,0,train,BLOOD.CELLS
GSM1431767,blood_cells,0,0,1,0,0,0,0,0,0,0,0,0,0,0,train,BLOOD.CELLS
GSM1431769,blood_cells,0,0,1,0,0,0,0,0,0,0,0,0,0,0,train,BLOOD.CELLS
GSM1431771,blood_cells,0,0,1,0,0,0,0,0,0,0,0,0,0,0,train,BLOOD.CELLS
GSM1431775,blood_cells,0,0,1,0,0,0,0,0,0,0,0,0,0,0,train,BLOOD.CELLS
GSM1431782,blood_cells,0,0,1,0,0,0,0,0,0,0,0,0,0,0,train,BLOOD.CELLS
GSM1431784,blood_cells,0,0,1,0,0,0,0,0,0,0,0,0,0,0,train,BLOOD.CELLS
GSM1431786,blood_cells,0,0,1,0,0,0,0,0,0,0,0,0,0,0,train,BLOOD.CELLS
GSM1431794,blood_cells,0,0,1,0,0,0,0,0,0,0,0,0,0,0,train,BLOOD.CELLS
GSM1431796,blood_cells,0,0,1,0,0,0,0,0,0,0,0,0,0,0,train,BLOOD.CELLS
GSM1431818,blood_cells,0,0,1,0,0,0,0,0,0,0,0,0,0,0,train,BLOOD.CELLS
GSM1431824,blood_cells,0,0,1,0,0,0,0,0,0,0,0,0,0,0,train,BLOOD.CELLS
GSM1431835,blood_cells,0,0,1,0,0,0,0,0,0,0,0,0,0,0,train,BLOOD.CELLS
GSM1431837,blood_cells,0,0,1,0,0,0,0,0,0,0,0,0,0,0,train,BLOOD.CELLS
GSM1431842,blood_cells,0,0,1,0,0,0,0,0,0,0,0,0,0,0,train,BLOOD.CELLS
GSM1431843,blood_cells,0,0,1,0,0,0,0,0,0,0,0,0,0,0,train,BLOOD.CELLS
GSM1431845,blood_cells,0,0,1,0,0,0,0,0,0,0,0,0,0,0,train,BLOOD.CELLS
GSM1431847,blood_cells,0,0,1,0,0,0,0,0,0,0,0,0,0,0,train,BLOOD.CELLS
GSM1431849,blood_cells,0,0,1,0,0,0,0,0,0,0,0,0,0,0,train,BLOOD.CELLS
GSM1431851,blood_cells,0,0,1,0,0,0,0,0,0,0,0,0,0,0,train,BLOOD.CELLS
GSM1446555,blood_cells,0,0,1,0,0,0,0,0,0,0,0,0,0,0,train,BLOOD.CELLS
GSM1446557,blood_cells,0,0,1,0,0,0,0,0,0,0,0,0,0,0,train,BLOOD.CELLS
GSM1446556,blood_cells,0,0,1,0,0,0,0,0,0,0,0,0,0,0,train,BLOOD.CELLS
GSM1446558,blood_cells,0,0,1,0,0,0,0,0,0,0,0,0,0,0,train,BLOOD.CELLS
GSM1487274,hepatocytes,0,0,0,0,0,0,0,0,1,0,0,0,0,0,train,HEPATOCYTES
GSM1487283,hepatocytes,0,0,0,0,0,0,0,0,1,0,0,0,0,0,train,HEPATOCYTES
GSM1487284,hepatocytes,0,0,0,0,0,0,0,0,1,0,0,0,0,0,train,HEPATOCYTES
GSM1487285,hepatocytes,0,0,0,0,0,0,0,0,1,0,0,0,0,0,train,HEPATOCYTES
GSM1487286,hepatocytes,0,0,0,0,0,0,0,0,1,0,0,0,0,0,train,HEPATOCYTES
GSM1487287,hepatocytes,0,0,0,0,0,0,0,0,1,0,0,0,0,0,train,HEPATOCYTES
GSM1487288,hepatocytes,0,0,0,0,0,0,0,0,1,0,0,0,0,0,train,HEPATOCYTES
GSM1487289,hepatocytes,0,0,0,0,0,0,0,0,1,0,0,0,0,0,train,HEPATOCYTES
GSM1487275,hepatocytes,0,0,0,0,0,0,0,0,1,0,0,0,0,0,train,HEPATOCYTES
GSM1487276,hepatocytes,0,0,0,0,0,0,0,0,1,0,0,0,0,0,train,HEPATOCYTES
GSM1487278,hepatocytes,0,0,0,0,0,0,0,0,1,0,0,0,0,0,train,HEPATOCYTES
GSM1487279,hepatocytes,0,0,0,0,0,0,0,0,1,0,0,0,0,0,train,HEPATOCYTES
GSM1487280,hepatocytes,0,0,0,0,0,0,0,0,1,0,0,0,0,0,train,HEPATOCYTES
GSM1487281,hepatocytes,0,0,0,0,0,0,0,0,1,0,0,0,0,0,train,HEPATOCYTES
GSM1487282,hepatocytes,0,0,0,0,0,0,0,0,1,0,0,0,0,0,train,HEPATOCYTES
GSM1664392,fibroblasts,0,0,0,0,0,0,1,0,0,0,0,0,0,0,train,FIBROBLASTS
GSM1664393,fibroblasts,0,0,0,0,0,0,1,0,0,0,0,0,0,0,train,FIBROBLASTS
GSM1664394,fibroblasts,0,0,0,0,0,0,1,0,0,0,0,0,0,0,train,FIBROBLASTS
GSM1664402,ips_cells,0,0,0,0,0,0,0,0,0,1,0,0,0,0,train,INDUCED.PLURIPOTENT.STEM.CELLS
GSM1664405,ips_cells,0,0,0,0,0,0,0,0,0,1,0,0,0,0,train,INDUCED.PLURIPOTENT.STEM.CELLS
GSM1664406,ips_cells,0,0,0,0,0,0,0,0,0,1,0,0,0,0,train,INDUCED.PLURIPOTENT.STEM.CELLS
GSM2086861,neurons,0,0,0,0,0,0,0,0,0,0,0,0,1,0,train,NEURONS
GSM2086862,neurons,0,0,0,0,0,0,0,0,0,0,0,0,1,0,train,NEURONS
GSM2086863,neurons,0,0,0,0,0,0,0,0,0,0,0,0,1,0,train,NEURONS
GSM2086869,neurons,0,0,0,0,0,0,0,0,0,0,0,0,1,0,train,NEURONS
GSM2086870,neurons,0,0,0,0,0,0,0,0,0,0,0,0,1,0,train,NEURONS
GSM2086871,neurons,0,0,0,0,0,0,0,0,0,0,0,0,1,0,train,NEURONS
GSM2086873,neurons,0,0,0,0,0,0,0,0,0,0,0,0,1,0,train,NEURONS
GSM2086875,neurons,0,0,0,0,0,0,0,0,0,0,0,0,1,0,train,NEURONS
GSM2086876,glia,0,0,0,0,0,0,0,1,0,0,0,0,0,0,train,GLIA
GSM2086881,glia,0,0,0,0,0,0,0,1,0,0,0,0,0,0,train,GLIA
GSM2086882,glia,0,0,0,0,0,0,0,1,0,0,0,0,0,0,train,GLIA
GSM2086888,glia,0,0,0,0,0,0,0,1,0,0,0,0,0,0,train,GLIA
GSM2086889,glia,0,0,0,0,0,0,0,1,0,0,0,0,0,0,train,GLIA
GSM2086891,glia,0,0,0,0,0,0,0,1,0,0,0,0,0,0,train,GLIA
GSM2086892,glia,0,0,0,0,0,0,0,1,0,0,0,0,0,0,train,GLIA
GSM2086894,glia,0,0,0,0,0,0,0,1,0,0,0,0,0,0,train,GLIA
GSM2086895,glia,0,0,0,0,0,0,0,1,0,0,0,0,0,0,train,GLIA
GSM2086897,glia,0,0,0,0,0,0,0,1,0,0,0,0,0,0,train,GLIA
GSM2496118,fibroblasts,0,0,0,0,0,0,1,0,0,0,0,0,0,0,train,FIBROBLASTS
GSM1215944,blood_cells,0,0,1,0,0,0,0,0,0,0,0,0,0,0,train,BLOOD.CELLS
GSM1215945,blood_cells,0,0,1,0,0,0,0,0,0,0,0,0,0,0,train,BLOOD.CELLS
GSM1215952,blood_cells,0,0,1,0,0,0,0,0,0,0,0,0,0,0,train,BLOOD.CELLS
GSM1215956,blood_cells,0,0,1,0,0,0,0,0,0,0,0,0,0,0,train,BLOOD.CELLS
GSM1215960,blood_cells,0,0,1,0,0,0,0,0,0,0,0,0,0,0,train,BLOOD.CELLS
GSM1215961,blood_cells,0,0,1,0,0,0,0,0,0,0,0,0,0,0,train,BLOOD.CELLS
GSM1215968,blood_cells,0,0,1,0,0,0,0,0,0,0,0,0,0,0,train,BLOOD.CELLS
GSM1215974,blood_cells,0,0,1,0,0,0,0,0,0,0,0,0,0,0,train,BLOOD.CELLS
GSM2323983,endothelial_cells,0,0,0,1,0,0,0,0,0,0,0,0,0,0,train,ENDOTHELIAL.CELLS
GSM2863079,fibroblasts,0,0,0,0,0,0,1,0,0,0,0,0,0,0,train,FIBROBLASTS
GSM2863080,fibroblasts,0,0,0,0,0,0,1,0,0,0,0,0,0,0,train,FIBROBLASTS
GSM2863081,fibroblasts,0,0,0,0,0,0,1,0,0,0,0,0,0,0,train,FIBROBLASTS
GSM2863082,fibroblasts,0,0,0,0,0,0,1,0,0,0,0,0,0,0,train,FIBROBLASTS
GSM999335,muscle_cells,0,0,0,0,0,0,0,0,0,0,0,1,0,0,train,MUSCLE.CELLS
GSM999336,epithelial_cells,0,0,0,0,0,1,0,0,0,0,0,0,0,0,train,EPITHELIAL.CELLS
GSM999339,hepatocytes,0,0,0,0,0,0,0,0,1,0,0,0,0,0,train,HEPATOCYTES
GSM999340,fibroblasts,0,0,0,0,0,0,1,0,0,0,0,0,0,0,train,FIBROBLASTS
GSM999343,epithelial_cells,0,0,0,0,0,1,0,0,0,0,0,0,0,0,train,EPITHELIAL.CELLS
GSM999344,fibroblasts,0,0,0,0,0,0,1,0,0,0,0,0,0,0,train,FIBROBLASTS
GSM999345,fibroblasts,0,0,0,0,0,0,1,0,0,0,0,0,0,0,train,FIBROBLASTS
GSM999347,fibroblasts,0,0,0,0,0,0,1,0,0,0,0,0,0,0,train,FIBROBLASTS
GSM999348,fibroblasts,0,0,0,0,0,0,1,0,0,0,0,0,0,0,train,FIBROBLASTS
GSM999349,fibroblasts,0,0,0,0,0,0,1,0,0,0,0,0,0,0,train,FIBROBLASTS
GSM999355,epithelial_cells,0,0,0,0,0,1,0,0,0,0,0,0,0,0,train,EPITHELIAL.CELLS
GSM999356,muscle_cells,0,0,0,0,0,0,0,0,0,0,0,1,0,0,train,MUSCLE.CELLS
GSM999357,astrocytes,0,1,0,0,0,0,0,0,0,0,0,0,0,0,train,ASTROCYTES
GSM999358,epithelial_cells,0,0,0,0,0,1,0,0,0,0,0,0,0,0,train,EPITHELIAL.CELLS
GSM999361,epithelial_cells,0,0,0,0,0,1,0,0,0,0,0,0,0,0,train,EPITHELIAL.CELLS
GSM999362,epithelial_cells,0,0,0,0,0,1,0,0,0,0,0,0,0,0,train,EPITHELIAL.CELLS
GSM999364,endothelial_cells,0,0,0,1,0,0,0,0,0,0,0,0,0,0,train,ENDOTHELIAL.CELLS
GSM999369,epithelial_cells,0,0,0,0,0,1,0,0,0,0,0,0,0,0,train,EPITHELIAL.CELLS
GSM999378,epithelial_cells,0,0,0,0,0,1,0,0,0,0,0,0,0,0,train,EPITHELIAL.CELLS
GSM999380,epithelial_cells,0,0,0,0,0,1,0,0,0,0,0,0,0,0,train,EPITHELIAL.CELLS
GSM999381,muscle_cells,0,0,0,0,0,0,0,0,0,0,0,1,0,0,train,MUSCLE.CELLS
GSM999382,fibroblasts,0,0,0,0,0,0,1,0,0,0,0,0,0,0,train,FIBROBLASTS
GSM999384,epithelial_cells,0,0,0,0,0,1,0,0,0,0,0,0,0,0,train,EPITHELIAL.CELLS
GSM999385,epithelial_cells,0,0,0,0,0,1,0,0,0,0,0,0,0,0,train,EPITHELIAL.CELLS
GSM999390,epithelial_cells,0,0,0,0,0,1,0,0,0,0,0,0,0,0,train,EPITHELIAL.CELLS
GSM999391,epithelial_cells,0,0,0,0,0,1,0,0,0,0,0,0,0,0,train,EPITHELIAL.CELLS
GSM1075841,blood_cells,0,0,1,0,0,0,0,0,0,0,0,0,0,0,train,BLOOD.CELLS
GSM1075842,blood_cells,0,0,1,0,0,0,0,0,0,0,0,0,0,0,train,BLOOD.CELLS
GSM1075845,blood_cells,0,0,1,0,0,0,0,0,0,0,0,0,0,0,train,BLOOD.CELLS
GSM1075848,blood_cells,0,0,1,0,0,0,0,0,0,0,0,0,0,0,train,BLOOD.CELLS
GSM1075850,blood_cells,0,0,1,0,0,0,0,0,0,0,0,0,0,0,train,BLOOD.CELLS
GSM1075854,blood_cells,0,0,1,0,0,0,0,0,0,0,0,0,0,0,train,BLOOD.CELLS
GSM1075855,blood_cells,0,0,1,0,0,0,0,0,0,0,0,0,0,0,train,BLOOD.CELLS
GSM1075858,blood_cells,0,0,1,0,0,0,0,0,0,0,0,0,0,0,train,BLOOD.CELLS
GSM1075860,blood_cells,0,0,1,0,0,0,0,0,0,0,0,0,0,0,train,BLOOD.CELLS
GSM1075861,blood_cells,0,0,1,0,0,0,0,0,0,0,0,0,0,0,train,BLOOD.CELLS
GSM1257671,fibroblasts,0,0,0,0,0,0,1,0,0,0,0,0,0,0,train,FIBROBLASTS
GSM1257672,fibroblasts,0,0,0,0,0,0,1,0,0,0,0,0,0,0,train,FIBROBLASTS
GSM1425466,blood_cells,0,0,1,0,0,0,0,0,0,0,0,0,0,0,train,BLOOD.CELLS
GSM1425467,blood_cells,0,0,1,0,0,0,0,0,0,0,0,0,0,0,train,BLOOD.CELLS
GSM1425473,blood_cells,0,0,1,0,0,0,0,0,0,0,0,0,0,0,train,BLOOD.CELLS
GSM1425474,blood_cells,0,0,1,0,0,0,0,0,0,0,0,0,0,0,train,BLOOD.CELLS
GSM1425476,blood_cells,0,0,1,0,0,0,0,0,0,0,0,0,0,0,train,BLOOD.CELLS
GSM1425477,blood_cells,0,0,1,0,0,0,0,0,0,0,0,0,0,0,train,BLOOD.CELLS
GSM1425479,blood_cells,0,0,1,0,0,0,0,0,0,0,0,0,0,0,train,BLOOD.CELLS
GSM1425480,blood_cells,0,0,1,0,0,0,0,0,0,0,0,0,0,0,train,BLOOD.CELLS
GSM1425482,blood_cells,0,0,1,0,0,0,0,0,0,0,0,0,0,0,train,BLOOD.CELLS
GSM1425483,blood_cells,0,0,1,0,0,0,0,0,0,0,0,0,0,0,train,BLOOD.CELLS
GSM1425485,blood_cells,0,0,1,0,0,0,0,0,0,0,0,0,0,0,train,BLOOD.CELLS
GSM1425486,blood_cells,0,0,1,0,0,0,0,0,0,0,0,0,0,0,train,BLOOD.CELLS
GSM1425488,blood_cells,0,0,1,0,0,0,0,0,0,0,0,0,0,0,train,BLOOD.CELLS
GSM1425489,blood_cells,0,0,1,0,0,0,0,0,0,0,0,0,0,0,train,BLOOD.CELLS
GSM1425491,blood_cells,0,0,1,0,0,0,0,0,0,0,0,0,0,0,train,BLOOD.CELLS
GSM1425492,blood_cells,0,0,1,0,0,0,0,0,0,0,0,0,0,0,train,BLOOD.CELLS
GSM1425494,blood_cells,0,0,1,0,0,0,0,0,0,0,0,0,0,0,train,BLOOD.CELLS
GSM1425495,blood_cells,0,0,1,0,0,0,0,0,0,0,0,0,0,0,train,BLOOD.CELLS
GSM1425497,blood_cells,0,0,1,0,0,0,0,0,0,0,0,0,0,0,train,BLOOD.CELLS
GSM1425498,blood_cells,0,0,1,0,0,0,0,0,0,0,0,0,0,0,train,BLOOD.CELLS
GSM1548150,blood_cells,0,0,1,0,0,0,0,0,0,0,0,0,0,0,train,BLOOD.CELLS
GSM1548151,blood_cells,0,0,1,0,0,0,0,0,0,0,0,0,0,0,train,BLOOD.CELLS
GSM1548152,blood_cells,0,0,1,0,0,0,0,0,0,0,0,0,0,0,train,BLOOD.CELLS
GSM1548153,blood_cells,0,0,1,0,0,0,0,0,0,0,0,0,0,0,train,BLOOD.CELLS
GSM1548154,blood_cells,0,0,1,0,0,0,0,0,0,0,0,0,0,0,train,BLOOD.CELLS
GSM1548155,blood_cells,0,0,1,0,0,0,0,0,0,0,0,0,0,0,train,BLOOD.CELLS
GSM1548156,blood_cells,0,0,1,0,0,0,0,0,0,0,0,0,0,0,train,BLOOD.CELLS
GSM1548157,blood_cells,0,0,1,0,0,0,0,0,0,0,0,0,0,0,train,BLOOD.CELLS
GSM1548158,blood_cells,0,0,1,0,0,0,0,0,0,0,0,0,0,0,train,BLOOD.CELLS
GSM1548159,blood_cells,0,0,1,0,0,0,0,0,0,0,0,0,0,0,train,BLOOD.CELLS
GSM1548160,blood_cells,0,0,1,0,0,0,0,0,0,0,0,0,0,0,train,BLOOD.CELLS
GSM1548161,blood_cells,0,0,1,0,0,0,0,0,0,0,0,0,0,0,train,BLOOD.CELLS
GSM1548162,blood_cells,0,0,1,0,0,0,0,0,0,0,0,0,0,0,train,BLOOD.CELLS
GSM1548163,blood_cells,0,0,1,0,0,0,0,0,0,0,0,0,0,0,train,BLOOD.CELLS
GSM1548164,blood_cells,0,0,1,0,0,0,0,0,0,0,0,0,0,0,train,BLOOD.CELLS
GSM1548165,blood_cells,0,0,1,0,0,0,0,0,0,0,0,0,0,0,train,BLOOD.CELLS
GSM1548166,blood_cells,0,0,1,0,0,0,0,0,0,0,0,0,0,0,train,BLOOD.CELLS
GSM1548167,blood_cells,0,0,1,0,0,0,0,0,0,0,0,0,0,0,train,BLOOD.CELLS
GSM1548168,blood_cells,0,0,1,0,0,0,0,0,0,0,0,0,0,0,train,BLOOD.CELLS
GSM1548169,blood_cells,0,0,1,0,0,0,0,0,0,0,0,0,0,0,train,BLOOD.CELLS
GSM1548170,blood_cells,0,0,1,0,0,0,0,0,0,0,0,0,0,0,train,BLOOD.CELLS
GSM1548171,blood_cells,0,0,1,0,0,0,0,0,0,0,0,0,0,0,train,BLOOD.CELLS
GSM1548172,blood_cells,0,0,1,0,0,0,0,0,0,0,0,0,0,0,train,BLOOD.CELLS
GSM1548173,blood_cells,0,0,1,0,0,0,0,0,0,0,0,0,0,0,train,BLOOD.CELLS
GSM1548174,blood_cells,0,0,1,0,0,0,0,0,0,0,0,0,0,0,train,BLOOD.CELLS
GSM1548175,blood_cells,0,0,1,0,0,0,0,0,0,0,0,0,0,0,train,BLOOD.CELLS
GSM1548176,blood_cells,0,0,1,0,0,0,0,0,0,0,0,0,0,0,train,BLOOD.CELLS
GSM1548177,blood_cells,0,0,1,0,0,0,0,0,0,0,0,0,0,0,train,BLOOD.CELLS
GSM1548178,blood_cells,0,0,1,0,0,0,0,0,0,0,0,0,0,0,train,BLOOD.CELLS
GSM1548179,blood_cells,0,0,1,0,0,0,0,0,0,0,0,0,0,0,train,BLOOD.CELLS
GSM1586887,ips_cells,0,0,0,0,0,0,0,0,0,1,0,0,0,0,train,INDUCED.PLURIPOTENT.STEM.CELLS
GSM1586894,fibroblasts,0,0,0,0,0,0,1,0,0,0,0,0,0,0,train,FIBROBLASTS
GSM1586896,fibroblasts,0,0,0,0,0,0,1,0,0,0,0,0,0,0,train,FIBROBLASTS
GSM1586898,ips_cells,0,0,0,0,0,0,0,0,0,1,0,0,0,0,train,INDUCED.PLURIPOTENT.STEM.CELLS
GSM1586899,fibroblasts,0,0,0,0,0,0,1,0,0,0,0,0,0,0,train,FIBROBLASTS
GSM1586903,fibroblasts,0,0,0,0,0,0,1,0,0,0,0,0,0,0,train,FIBROBLASTS
GSM1586905,ips_cells,0,0,0,0,0,0,0,0,0,1,0,0,0,0,train,INDUCED.PLURIPOTENT.STEM.CELLS
GSM1586910,ips_cells,0,0,0,0,0,0,0,0,0,1,0,0,0,0,train,INDUCED.PLURIPOTENT.STEM.CELLS
GSM1847992,blood_cells,0,0,1,0,0,0,0,0,0,0,0,0,0,0,train,BLOOD.CELLS
GSM1847993,blood_cells,0,0,1,0,0,0,0,0,0,0,0,0,0,0,train,BLOOD.CELLS
GSM1847994,blood_cells,0,0,1,0,0,0,0,0,0,0,0,0,0,0,train,BLOOD.CELLS
GSM1847995,blood_cells,0,0,1,0,0,0,0,0,0,0,0,0,0,0,train,BLOOD.CELLS
GSM1847996,blood_cells,0,0,1,0,0,0,0,0,0,0,0,0,0,0,train,BLOOD.CELLS
GSM1847997,blood_cells,0,0,1,0,0,0,0,0,0,0,0,0,0,0,train,BLOOD.CELLS
GSM1847998,blood_cells,0,0,1,0,0,0,0,0,0,0,0,0,0,0,train,BLOOD.CELLS
GSM1847999,blood_cells,0,0,1,0,0,0,0,0,0,0,0,0,0,0,train,BLOOD.CELLS
GSM1848000,blood_cells,0,0,1,0,0,0,0,0,0,0,0,0,0,0,train,BLOOD.CELLS
GSM1848001,blood_cells,0,0,1,0,0,0,0,0,0,0,0,0,0,0,train,BLOOD.CELLS
GSM1848063,blood_cells,0,0,1,0,0,0,0,0,0,0,0,0,0,0,train,BLOOD.CELLS
GSM1848065,blood_cells,0,0,1,0,0,0,0,0,0,0,0,0,0,0,train,BLOOD.CELLS
GSM1848068,blood_cells,0,0,1,0,0,0,0,0,0,0,0,0,0,0,train,BLOOD.CELLS
GSM1848070,blood_cells,0,0,1,0,0,0,0,0,0,0,0,0,0,0,train,BLOOD.CELLS
GSM1848071,blood_cells,0,0,1,0,0,0,0,0,0,0,0,0,0,0,train,BLOOD.CELLS
GSM1848072,blood_cells,0,0,1,0,0,0,0,0,0,0,0,0,0,0,train,BLOOD.CELLS
GSM1848073,blood_cells,0,0,1,0,0,0,0,0,0,0,0,0,0,0,train,BLOOD.CELLS
GSM1848074,blood_cells,0,0,1,0,0,0,0,0,0,0,0,0,0,0,train,BLOOD.CELLS
GSM1848075,blood_cells,0,0,1,0,0,0,0,0,0,0,0,0,0,0,train,BLOOD.CELLS
GSM1848076,blood_cells,0,0,1,0,0,0,0,0,0,0,0,0,0,0,train,BLOOD.CELLS
GSM1936932,fibroblasts,0,0,0,0,0,0,1,0,0,0,0,0,0,0,train,FIBROBLASTS
GSM1936933,fibroblasts,0,0,0,0,0,0,1,0,0,0,0,0,0,0,train,FIBROBLASTS
GSM1936934,epithelial_cells,0,0,0,0,0,1,0,0,0,0,0,0,0,0,train,EPITHELIAL.CELLS
GSM1936935,epidermal_cells,0,0,0,0,1,0,0,0,0,0,0,0,0,0,train,EPIDERMAL.CELLS
GSM1936936,epidermal_cells,0,0,0,0,1,0,0,0,0,0,0,0,0,0,train,EPIDERMAL.CELLS
GSM1936937,msc,0,0,0,0,0,0,0,0,0,0,1,0,0,0,train,MESENCHYMAL.STEM.CELLS
GSM1936938,epidermal_cells,0,0,0,0,1,0,0,0,0,0,0,0,0,0,train,EPIDERMAL.CELLS
GSM1936939,epithelial_cells,0,0,0,0,0,1,0,0,0,0,0,0,0,0,train,EPITHELIAL.CELLS
GSM1936940,endothelial_cells,0,0,0,1,0,0,0,0,0,0,0,0,0,0,train,ENDOTHELIAL.CELLS
GSM2044699,fibroblasts,0,0,0,0,0,0,1,0,0,0,0,0,0,0,train,FIBROBLASTS
GSM2044700,fibroblasts,0,0,0,0,0,0,1,0,0,0,0,0,0,0,train,FIBROBLASTS
GSM2044701,fibroblasts,0,0,0,0,0,0,1,0,0,0,0,0,0,0,train,FIBROBLASTS
GSM2044702,fibroblasts,0,0,0,0,0,0,1,0,0,0,0,0,0,0,train,FIBROBLASTS
GSM2044703,fibroblasts,0,0,0,0,0,0,1,0,0,0,0,0,0,0,train,FIBROBLASTS
GSM2044704,fibroblasts,0,0,0,0,0,0,1,0,0,0,0,0,0,0,train,FIBROBLASTS
GSM2044705,fibroblasts,0,0,0,0,0,0,1,0,0,0,0,0,0,0,train,FIBROBLASTS
GSM2044706,fibroblasts,0,0,0,0,0,0,1,0,0,0,0,0,0,0,train,FIBROBLASTS
GSM2044707,fibroblasts,0,0,0,0,0,0,1,0,0,0,0,0,0,0,train,FIBROBLASTS
GSM2044708,fibroblasts,0,0,0,0,0,0,1,0,0,0,0,0,0,0,train,FIBROBLASTS
GSM2044709,fibroblasts,0,0,0,0,0,0,1,0,0,0,0,0,0,0,train,FIBROBLASTS
GSM2044710,fibroblasts,0,0,0,0,0,0,1,0,0,0,0,0,0,0,train,FIBROBLASTS
GSM2044711,fibroblasts,0,0,0,0,0,0,1,0,0,0,0,0,0,0,train,FIBROBLASTS
GSM2044712,fibroblasts,0,0,0,0,0,0,1,0,0,0,0,0,0,0,train,FIBROBLASTS
GSM2044713,fibroblasts,0,0,0,0,0,0,1,0,0,0,0,0,0,0,train,FIBROBLASTS
GSM2044714,fibroblasts,0,0,0,0,0,0,1,0,0,0,0,0,0,0,train,FIBROBLASTS
GSM2044715,fibroblasts,0,0,0,0,0,0,1,0,0,0,0,0,0,0,train,FIBROBLASTS
GSM2044716,fibroblasts,0,0,0,0,0,0,1,0,0,0,0,0,0,0,train,FIBROBLASTS
GSM2044717,fibroblasts,0,0,0,0,0,0,1,0,0,0,0,0,0,0,train,FIBROBLASTS
GSM2044718,fibroblasts,0,0,0,0,0,0,1,0,0,0,0,0,0,0,train,FIBROBLASTS
GSM2101233,msc,0,0,0,0,0,0,0,0,0,0,1,0,0,0,train,MESENCHYMAL.STEM.CELLS
GSM2101234,msc,0,0,0,0,0,0,0,0,0,0,1,0,0,0,train,MESENCHYMAL.STEM.CELLS
GSM2101235,msc,0,0,0,0,0,0,0,0,0,0,1,0,0,0,train,MESENCHYMAL.STEM.CELLS
GSM2101236,msc,0,0,0,0,0,0,0,0,0,0,1,0,0,0,train,MESENCHYMAL.STEM.CELLS
GSM2101237,msc,0,0,0,0,0,0,0,0,0,0,1,0,0,0,train,MESENCHYMAL.STEM.CELLS
GSM2101238,msc,0,0,0,0,0,0,0,0,0,0,1,0,0,0,train,MESENCHYMAL.STEM.CELLS
GSM2101239,msc,0,0,0,0,0,0,0,0,0,0,1,0,0,0,train,MESENCHYMAL.STEM.CELLS
GSM2101240,msc,0,0,0,0,0,0,0,0,0,0,1,0,0,0,train,MESENCHYMAL.STEM.CELLS
GSM2101241,msc,0,0,0,0,0,0,0,0,0,0,1,0,0,0,train,MESENCHYMAL.STEM.CELLS
GSM2101242,msc,0,0,0,0,0,0,0,0,0,0,1,0,0,0,train,MESENCHYMAL.STEM.CELLS
GSM2101243,msc,0,0,0,0,0,0,0,0,0,0,1,0,0,0,train,MESENCHYMAL.STEM.CELLS
GSM2101244,msc,0,0,0,0,0,0,0,0,0,0,1,0,0,0,train,MESENCHYMAL.STEM.CELLS
GSM2186934,endothelial_cells,0,0,0,1,0,0,0,0,0,0,0,0,0,0,train,ENDOTHELIAL.CELLS
GSM2186935,endothelial_cells,0,0,0,1,0,0,0,0,0,0,0,0,0,0,train,ENDOTHELIAL.CELLS
GSM2186936,endothelial_cells,0,0,0,1,0,0,0,0,0,0,0,0,0,0,train,ENDOTHELIAL.CELLS
GSM2280166,blood_cells,0,0,1,0,0,0,0,0,0,0,0,0,0,0,train,BLOOD.CELLS
GSM2280167,blood_cells,0,0,1,0,0,0,0,0,0,0,0,0,0,0,train,BLOOD.CELLS
GSM2280171,blood_cells,0,0,1,0,0,0,0,0,0,0,0,0,0,0,train,BLOOD.CELLS
GSM2280172,blood_cells,0,0,1,0,0,0,0,0,0,0,0,0,0,0,train,BLOOD.CELLS
GSM2280173,blood_cells,0,0,1,0,0,0,0,0,0,0,0,0,0,0,train,BLOOD.CELLS
GSM2280174,blood_cells,0,0,1,0,0,0,0,0,0,0,0,0,0,0,train,BLOOD.CELLS
GSM2322082,blood_cells,0,0,1,0,0,0,0,0,0,0,0,0,0,0,train,BLOOD.CELLS
GSM2322083,blood_cells,0,0,1,0,0,0,0,0,0,0,0,0,0,0,train,BLOOD.CELLS
GSM2322084,blood_cells,0,0,1,0,0,0,0,0,0,0,0,0,0,0,train,BLOOD.CELLS
GSM2322085,blood_cells,0,0,1,0,0,0,0,0,0,0,0,0,0,0,train,BLOOD.CELLS
GSM2322086,blood_cells,0,0,1,0,0,0,0,0,0,0,0,0,0,0,train,BLOOD.CELLS
GSM2322087,blood_cells,0,0,1,0,0,0,0,0,0,0,0,0,0,0,train,BLOOD.CELLS
GSM2322088,blood_cells,0,0,1,0,0,0,0,0,0,0,0,0,0,0,train,BLOOD.CELLS
GSM2322089,blood_cells,0,0,1,0,0,0,0,0,0,0,0,0,0,0,train,BLOOD.CELLS
GSM2322090,blood_cells,0,0,1,0,0,0,0,0,0,0,0,0,0,0,train,BLOOD.CELLS
GSM2322091,blood_cells,0,0,1,0,0,0,0,0,0,0,0,0,0,0,train,BLOOD.CELLS
GSM2349435,blood_cells,0,0,1,0,0,0,0,0,0,0,0,0,0,0,train,BLOOD.CELLS
GSM2349440,blood_cells,0,0,1,0,0,0,0,0,0,0,0,0,0,0,train,BLOOD.CELLS
GSM2349444,blood_cells,0,0,1,0,0,0,0,0,0,0,0,0,0,0,train,BLOOD.CELLS
GSM2349449,blood_cells,0,0,1,0,0,0,0,0,0,0,0,0,0,0,train,BLOOD.CELLS
GSM2349453,blood_cells,0,0,1,0,0,0,0,0,0,0,0,0,0,0,train,BLOOD.CELLS
GSM2349458,blood_cells,0,0,1,0,0,0,0,0,0,0,0,0,0,0,train,BLOOD.CELLS
GSM2349462,blood_cells,0,0,1,0,0,0,0,0,0,0,0,0,0,0,train,BLOOD.CELLS
GSM2349467,blood_cells,0,0,1,0,0,0,0,0,0,0,0,0,0,0,train,BLOOD.CELLS
GSM2349471,blood_cells,0,0,1,0,0,0,0,0,0,0,0,0,0,0,train,BLOOD.CELLS
GSM2349476,blood_cells,0,0,1,0,0,0,0,0,0,0,0,0,0,0,train,BLOOD.CELLS
GSM2349479,blood_cells,0,0,1,0,0,0,0,0,0,0,0,0,0,0,train,BLOOD.CELLS
GSM2349484,blood_cells,0,0,1,0,0,0,0,0,0,0,0,0,0,0,train,BLOOD.CELLS
GSM2349488,blood_cells,0,0,1,0,0,0,0,0,0,0,0,0,0,0,train,BLOOD.CELLS
GSM2349493,blood_cells,0,0,1,0,0,0,0,0,0,0,0,0,0,0,train,BLOOD.CELLS
GSM2349497,blood_cells,0,0,1,0,0,0,0,0,0,0,0,0,0,0,train,BLOOD.CELLS
GSM2349502,blood_cells,0,0,1,0,0,0,0,0,0,0,0,0,0,0,train,BLOOD.CELLS
GSM2438425,epithelial_cells,0,0,0,0,0,1,0,0,0,0,0,0,0,0,train,EPITHELIAL.CELLS
GSM2589158,neurons,0,0,0,0,0,0,0,0,0,0,0,0,1,0,train,NEURONS
GSM2589159,neurons,0,0,0,0,0,0,0,0,0,0,0,0,1,0,train,NEURONS
GSM2589160,neurons,0,0,0,0,0,0,0,0,0,0,0,0,1,0,train,NEURONS
GSM2589162,neurons,0,0,0,0,0,0,0,0,0,0,0,0,1,0,train,NEURONS
GSM2589163,neurons,0,0,0,0,0,0,0,0,0,0,0,0,1,0,train,NEURONS
GSM2589164,neurons,0,0,0,0,0,0,0,0,0,0,0,0,1,0,train,NEURONS
GSM2589175,neurons,0,0,0,0,0,0,0,0,0,0,0,0,1,0,train,NEURONS
GSM2589181,neurons,0,0,0,0,0,0,0,0,0,0,0,0,1,0,train,NEURONS
GSM2589185,neurons,0,0,0,0,0,0,0,0,0,0,0,0,1,0,train,NEURONS
GSM2589189,neurons,0,0,0,0,0,0,0,0,0,0,0,0,1,0,train,NEURONS
GSM2650820,endothelial_cells,0,0,0,1,0,0,0,0,0,0,0,0,0,0,train,ENDOTHELIAL.CELLS
